<?xml version="1.0" encoding="UTF-8"?>
<project-private xmlns="http://www.netbeans.org/ns/project-private/1">
    <editor-bookmarks xmlns="http://www.netbeans.org/ns/editor-bookmarks/2" lastBookmarkId="0"/>
    <open-files xmlns="http://www.netbeans.org/ns/projectui-open-files/2">
        <group>
            <file>file:/C:/Users/beatr/Desktop/BrewDay/src/apresentacao/TelaListaReceitas.java</file>
            <file>file:/C:/Users/beatr/Desktop/BrewDay/src/apresentacao/TelaCriarReceita.java</file>
            <file>file:/C:/Users/beatr/Desktop/BrewDay/src/apresentacao/TelaReceitas.java</file>
            <file>file:/C:/Users/beatr/Desktop/BrewDay/src/apresentacao/TelaCadastro.java</file>
            <file>file:/C:/Users/beatr/Desktop/BrewDay/src/apresentacao/TelaCustomizarReceitas.java</file>
            <file>file:/C:/Users/beatr/Desktop/BrewDay/src/apresentacao/TelaLogin.java</file>
            <file>file:/C:/Users/beatr/Desktop/BrewDay/src/apresentacao/TelaListaIngredientes.java</file>
            <file>file:/C:/Users/beatr/Desktop/BrewDay/src/apresentacao/Main.java</file>
            <file>file:/C:/Users/beatr/Desktop/BrewDay/src/apresentacao/TelaMenu.java</file>
        </group>
    </open-files>
</project-private>
